proveedor_id,nombre_normalizado,es_persona_fisica
1,S/N,FALSE
2,MADERO,FALSE
3,PAHUSA,FALSE
4,PEDRO FRIAS,FALSE
5,DIMASUR,FALSE
6,SITSA,FALSE
7,JERARDO CHEGUE TORNES,FALSE
8,MAHAY,FALSE
9,AUTOZONE,FALSE
10,REFACCIONARIAS MONTERREY,FALSE
11,BONNY,FALSE
12,DIMAPESA,FALSE
13,REINSUR,FALSE
14,FILTROLUB,FALSE
15,DON LUPE BRITO,FALSE
16,APYMSA,FALSE
17,FRIGOTEK,FALSE
18,EL BONNY,FALSE
19,FLOTILLANTAS,FALSE
20,MAQUINADOS VENTURA,FALSE
21,ROGELIO ARIAS,FALSE
22,COMAPLAY,FALSE
23,ARCH,FALSE
24,LLANTAMAX,FALSE
25,AARON CELIS,FALSE
26,ARMANDO CHAVEZ,FALSE
27,DBS BALEROS DEL SURESTE,FALSE
28,VERMEER,FALSE
29,GUSTAVO ADOLFO RIO MARTINEZ,FALSE
30,CENTRO DIESEL SAN ANTONIO,FALSE
31,ENRIQUE ESPAÑA ESPAÑA,FALSE
32,PTB TORNIYUC,FALSE
33,HEAVY PENINSULAR,FALSE
34,DMT,FALSE
35,MEGAMAK,FALSE
36,DITOMSA,FALSE
37,TODO TORNILLO,FALSE
38,RODRIGO DE LOS SANTOS,FALSE
39,MARCOS HERNANDEZ,FALSE
40,MOTORES TG,FALSE
41,DICAP,FALSE
42,ANGA MAQUINARIA,FALSE
43,JULIO CESAR CASTILLO SOLIS,FALSE
44,NEUMATICOS MUEVETIERRA,FALSE
45,MANUEL SANTOS,FALSE
46,CES,FALSE
47,DIAL,FALSE
48,KARINA MARICRUZ,FALSE
49,EDGAR SEGURA,FALSE
50,SC DIESEL,FALSE
51,ANGEL RUIZ,FALSE
52,EL DURO,FALSE
53,OSMAN,FALSE
54,G3M,FALSE
55,REFACCIONARIA DIESEL PENINSULAR,FALSE
56,CADECO,FALSE
57,MARIO HEREDIA,FALSE
58,MIGUEL HERBE CHI EK,FALSE
59,CONDUFLU,FALSE
60,OMEGA,FALSE
61,QUINTAL,FALSE
62,JOSE ANTONIO CAUICH PECH,FALSE
63,AUSPEN,FALSE
64,MECANICAR,FALSE
65,MADISA CAT,FALSE
66,TRACTO ACCESORIOS PAREDES,FALSE
67,CLUTCH Y FRENOS KANASÍN,FALSE
68,JUAN MANUEL MELLADO RUIZ,FALSE
69,MAF SUSPENSION,FALSE
70,RUBEN GONZALEZ,FALSE
71,GOVI SUSPENSION AUTOMOTRIZ,FALSE
72,MATÚ,FALSE
73,JOSE PIÑA,FALSE
74,ANCONA,FALSE
75,RADIADORES RIVAS,FALSE
76,RAFAEL ARANA BOLIO,FALSE
77,HIDALGO DESHUESADERO,FALSE
78,VAQUEIROS,FALSE
79,AUTOMAX,FALSE
80,DEPCO,FALSE
81,NISSAN,FALSE
82,PINTA EXPRESS,FALSE
83,VOLKSWAGEN,FALSE
84,GOVI,FALSE
86,HYUNDAI,FALSE
87,BETO DAWN,FALSE
88,AUTOMAYA,FALSE
89,KIA,FALSE
90,DAVID PEREZ,FALSE
91,LAVADERO KANASIN,FALSE
92,COMEX,FALSE
93,OPEN EXPRESS,FALSE
94,AGUSTINA DEL CARMEN,FALSE
95,COOLSA,FALSE
96,CEDIS MTY,FALSE
97,REMOE,FALSE
98,MADERAS BAJCE,FALSE
99,XUFFI,FALSE
100,ANGA,FALSE
101,DON LUPE,FALSE
102,TALLER ALFONSO,FALSE
103,OFFICE DEPOT,FALSE
104,SANDUX,FALSE
105,FERREX,FALSE
106,ALPINA,FALSE
107,MAQUINARIA,FALSE
109,SAM'S CLUB,FALSE
110,AAFY,FALSE
111,EDICOM,FALSE
112,GRÚAS MANZANO,FALSE
113,EISSA,FALSE
114,SURPESA,FALSE
115,ADO,FALSE
116,OXXO,FALSE
117,TIENDA PLAN DE AYALA,FALSE
118,EL JAGUAR,FALSE
119,ZEEK MI AUTO,FALSE
120,TELCEL,FALSE
121,LABORATORIO GR,FALSE
122,GRÚAS JASWOR,FALSE
123,LEDS MÉRIDA,FALSE
124,TORNIYUC,FALSE
125,FTS RSKTS,FALSE
127,RSKTS FTS,FALSE
128,BENJAMÍN GARRIDO,FALSE
129,DISBREAKER,FALSE
130,PEMEX,FALSE
131,CIOSA,FALSE
132,LLANTERA AYALA SUR,FALSE
133,SERVICIO DIESEL CHAY,FALSE
134,JAVIER POOT,FALSE
135,ULTRAGAS,FALSE
136,TOYOTA,FALSE
137,DON GOYO,FALSE
138,RECONST. IND.,FALSE
139,EL GÜERO,FALSE
140,SUMINISTROS INDUSTRIALES,FALSE
141,APPLIED MEXICO,FALSE
142,AUTOELÉCTRICA,FALSE
143,CTS,FALSE
144,LA GAS,FALSE
145,FOMENTO GASOLINERO,FALSE
146,GULF,FALSE
147,PH SOLUCIONES HIDRÁULICAS,FALSE
148,MOTORPAC,FALSE
149,RALOY,FALSE
151,[INTERNO],TRUE
152,JOSÉ VILLEGAS,FALSE
153,FTS,FALSE
154,ÁNGEL CANCHE,FALSE
155,CARLOS BOJÓRQUEZ,FALSE
156,MARÍA CHAN,FALSE
157,ALIANZA,FALSE
158,JORGE CHALE,FALSE
159,MANU,FALSE
160,[EMPLEADO INTERNO],TRUE
161,SIMÁ,FALSE
162,TORNERO MIGUEL,FALSE
163,KEBLER SUASTE,FALSE
164,JASWOR,FALSE
165,PARABRISAS Y RADIADORES,FALSE
166,ALFONSO CAUICH,FALSE
167,CRISTASUR,FALSE
168,MIGUEL HERBE,FALSE
169,DALI,FALSE
170,FRIDAYPARTS,FALSE
171,CISI,FALSE
172,JORGE (MECÁNICO ARMANDO),FALSE
173,MARLENE HONORIA,FALSE
174,HOTEL ADDY,FALSE
175,ROBERTO TORRES,FALSE
177,MAHLE,FALSE
178,DON GOYO (LDS),FALSE
179,MELESSIO,FALSE
